-- phpMyAdmin SQL Dump
-- version 4.0.10deb1
-- http://www.phpmyadmin.net
--
-- Host: localhost
-- Generation Time: Oct 09, 2016 at 10:32 PM
-- Server version: 5.5.49-0ubuntu0.14.04.1
-- PHP Version: 5.5.9-1ubuntu4.17

SET SQL_MODE = "NO_AUTO_VALUE_ON_ZERO";
SET time_zone = "+00:00";


/*!40101 SET @OLD_CHARACTER_SET_CLIENT=@@CHARACTER_SET_CLIENT */;
/*!40101 SET @OLD_CHARACTER_SET_RESULTS=@@CHARACTER_SET_RESULTS */;
/*!40101 SET @OLD_COLLATION_CONNECTION=@@COLLATION_CONNECTION */;
/*!40101 SET NAMES utf8 */;

--
-- Database: `librarysystem`
--

-- --------------------------------------------------------

--
-- Table structure for table `books`
--

CREATE TABLE IF NOT EXISTS `books` (
  `id` int(11) NOT NULL AUTO_INCREMENT,
  `book_title` varchar(240) NOT NULL,
  `book_author` varchar(240) NOT NULL,
  `book_published_year` varchar(240) NOT NULL,
  PRIMARY KEY (`id`)
) ENGINE=InnoDB  DEFAULT CHARSET=latin1 AUTO_INCREMENT=14 ;

--
-- Dumping data for table `books`
--

INSERT INTO `books` (`id`, `book_title`, `book_author`, `book_published_year`) VALUES
(1, 'Book 1', 'Author 1', '08-10-2016'),
(4, 'Book 2', 'Author 2', '02-02-2010'),
(5, 'Book 3', 'Author 3', '04-10-2016'),
(6, 'Book 4', 'Author 4', '02-02-2010'),
(7, 'Book 5', 'Author 5', '10-06-2014'),
(8, 'Book 6', 'Author 6', '02-02-2010'),
(9, 'Book 7', 'Author 7', '02-02-2010'),
(10, 'Book 8', 'Author 8', '02-03-2011'),
(11, 'Book 9', 'Author 9', '03-03-2011'),
(12, 'Book 10', 'Author 10', '15-07-2015'),
(13, 'Book 11', 'Author 11', '11-06-2014');

-- --------------------------------------------------------

--
-- Table structure for table `book_rack_assign`
--

CREATE TABLE IF NOT EXISTS `book_rack_assign` (
  `id` int(11) NOT NULL AUTO_INCREMENT,
  `book_id` int(11) NOT NULL,
  `rack_id` int(11) NOT NULL,
  PRIMARY KEY (`id`)
) ENGINE=InnoDB  DEFAULT CHARSET=latin1 AUTO_INCREMENT=14 ;

--
-- Dumping data for table `book_rack_assign`
--

INSERT INTO `book_rack_assign` (`id`, `book_id`, `rack_id`) VALUES
(4, 1, 1),
(5, 12, 1),
(6, 13, 1),
(7, 4, 1),
(8, 6, 1),
(9, 7, 1),
(10, 8, 1),
(11, 9, 1),
(12, 10, 1),
(13, 11, 1);

-- --------------------------------------------------------

--
-- Table structure for table `ci_sessions`
--

CREATE TABLE IF NOT EXISTS `ci_sessions` (
  `id` varchar(40) COLLATE utf8_unicode_ci NOT NULL,
  `ip_address` varchar(45) COLLATE utf8_unicode_ci NOT NULL,
  `timestamp` int(10) unsigned NOT NULL DEFAULT '0',
  `data` blob NOT NULL,
  PRIMARY KEY (`id`,`ip_address`),
  KEY `ci_sessions_timestamp` (`timestamp`)
) ENGINE=InnoDB DEFAULT CHARSET=utf8 COLLATE=utf8_unicode_ci;

--
-- Dumping data for table `ci_sessions`
--

INSERT INTO `ci_sessions` (`id`, `ip_address`, `timestamp`, `data`) VALUES
('0082cae6e2de08ee54b0bc7692c8da659e2b8704', '127.0.0.1', 1476026488, 0x5f5f63695f6c6173745f726567656e65726174657c693a313437363032363336383b6c6f676765645f696e7c613a333a7b733a323a226964223b733a313a2231223b733a383a22757365726e616d65223b733a353a2261646d696e223b733a383a227573657274797065223b733a313a2231223b7d),
('10178798956fbfba2cd693da30e33661d77cb0a5', '127.0.0.1', 1475907826, 0x5f5f63695f6c6173745f726567656e65726174657c693a313437353930373830333b6c6f676765645f696e7c613a333a7b733a323a226964223b733a313a2231223b733a383a22757365726e616d65223b733a353a2261646d696e223b733a383a227573657274797065223b733a313a2231223b7d),
('11155ee3fd34ca0960579c9f3e9d1cbc756f6644', '::1', 1459318293, 0x5f5f63695f6c6173745f726567656e65726174657c693a313435393331383239333b),
('1335fc28d955da418d5eca355be2e8f0689855df', '::1', 1459323581, 0x5f5f63695f6c6173745f726567656e65726174657c693a313435393332333536373b6c6f676765645f696e7c613a333a7b733a323a226964223b733a313a2231223b733a383a22757365726e616d65223b733a353a2261646d696e223b733a383a227573657274797065223b733a313a2231223b7d),
('13aa48bcb849edbad0ed6ebb403e4767af3bb313', '127.0.0.1', 1475987551, 0x5f5f63695f6c6173745f726567656e65726174657c693a313437353938373336313b6c6f676765645f696e7c613a333a7b733a323a226964223b733a313a2231223b733a383a22757365726e616d65223b733a353a2261646d696e223b733a383a227573657274797065223b733a313a2231223b7d),
('14d1325853da6ab8528a2d0087dbef0c646af0d5', '127.0.0.1', 1475994806, 0x5f5f63695f6c6173745f726567656e65726174657c693a313437353939343736373b6c6f676765645f696e7c613a333a7b733a323a226964223b733a313a2231223b733a383a22757365726e616d65223b733a353a2261646d696e223b733a383a227573657274797065223b733a313a2231223b7d),
('1c782254a8ae2c286d1e191ae8024f00c6b6c091', '127.0.0.1', 1476000997, 0x5f5f63695f6c6173745f726567656e65726174657c693a313437363030303931393b6c6f676765645f696e7c613a333a7b733a323a226964223b733a313a2231223b733a383a22757365726e616d65223b733a353a2261646d696e223b733a383a227573657274797065223b733a313a2231223b7d),
('1d8509efb391eba6658865951fb2a5c7525749e6', '127.0.0.1', 1476012131, 0x5f5f63695f6c6173745f726567656e65726174657c693a313437363031313834333b6c6f676765645f696e7c613a333a7b733a323a226964223b733a313a2231223b733a383a22757365726e616d65223b733a353a2261646d696e223b733a383a227573657274797065223b733a313a2231223b7d),
('21a2240529ad83a2f12b7ec119d82effefd66998', '127.0.0.1', 1475920142, 0x5f5f63695f6c6173745f726567656e65726174657c693a313437353932303132393b6c6f676765645f696e7c613a333a7b733a323a226964223b733a313a2231223b733a383a22757365726e616d65223b733a353a2261646d696e223b733a383a227573657274797065223b733a313a2231223b7d),
('27210f391d0e2247eac3f6934ff298027bdacfa6', '127.0.0.1', 1475990531, 0x5f5f63695f6c6173745f726567656e65726174657c693a313437353939303331353b6c6f676765645f696e7c613a333a7b733a323a226964223b733a313a2231223b733a383a22757365726e616d65223b733a353a2261646d696e223b733a383a227573657274797065223b733a313a2231223b7d),
('28fdaccfa4bcfd84b1b2ff4672aa64c6d90e5dee', '127.0.0.1', 1475910712, 0x5f5f63695f6c6173745f726567656e65726174657c693a313437353931303437323b6c6f676765645f696e7c613a333a7b733a323a226964223b733a313a2231223b733a383a22757365726e616d65223b733a353a2261646d696e223b733a383a227573657274797065223b733a313a2231223b7d),
('291f66f3901df741f1dfadbb73c4bf0b77a80352', '127.0.0.1', 1476033718, 0x5f5f63695f6c6173745f726567656e65726174657c693a313437363033333730323b6c6f676765645f696e7c613a333a7b733a323a226964223b733a313a2231223b733a383a22757365726e616d65223b733a353a2261646d696e223b733a383a227573657274797065223b733a313a2231223b7d),
('2bba34af3d6b222380ae378993b86b6031ffd026', '127.0.0.1', 1475907492, 0x5f5f63695f6c6173745f726567656e65726174657c693a313437353930373139363b6c6f676765645f696e7c613a333a7b733a323a226964223b733a313a2231223b733a383a22757365726e616d65223b733a353a2261646d696e223b733a383a227573657274797065223b733a313a2231223b7d),
('2bdb2cacfcdc25884bbd20452d6ca19bfe803338', '127.0.0.1', 1476010428, 0x5f5f63695f6c6173745f726567656e65726174657c693a313437363031303337393b6c6f676765645f696e7c613a333a7b733a323a226964223b733a313a2231223b733a383a22757365726e616d65223b733a353a2261646d696e223b733a383a227573657274797065223b733a313a2231223b7d),
('2c089f885046c277e6d1d6d6242d493e1ec4d096', '127.0.0.1', 1475927313, 0x5f5f63695f6c6173745f726567656e65726174657c693a313437353932373037323b6c6f676765645f696e7c613a333a7b733a323a226964223b733a313a2231223b733a383a22757365726e616d65223b733a353a2261646d696e223b733a383a227573657274797065223b733a313a2231223b7d),
('2d84c81c7e79599596017459ae3b9d364600d994', '127.0.0.1', 1475993837, 0x5f5f63695f6c6173745f726567656e65726174657c693a313437353939333536303b6c6f676765645f696e7c613a333a7b733a323a226964223b733a313a2231223b733a383a22757365726e616d65223b733a353a2261646d696e223b733a383a227573657274797065223b733a313a2231223b7d6974656d7c733a3137383a223c64697620636c6173733d22616c65727420616c6572742d7375636365737320616c6572742d6469736d69737361626c65223e3c627574746f6e20617269612d68696464656e3d22747275652220646174612d6469736d6973733d22616c6572742220636c6173733d22636c6f73652220747970653d22627574746f6e223ec3973c2f627574746f6e3e54686520626f6f6b20776173207375636365737366756c6c792064656c657465642e3c2f6469763e223b5f5f63695f766172737c613a313a7b733a343a226974656d223b733a333a226f6c64223b7d),
('2ec9a356a14cab8c1c2a604930a104dbc615e475', '127.0.0.1', 1475929853, 0x5f5f63695f6c6173745f726567656e65726174657c693a313437353932393832383b6c6f676765645f696e7c613a333a7b733a323a226964223b733a313a2231223b733a383a22757365726e616d65223b733a353a2261646d696e223b733a383a227573657274797065223b733a313a2231223b7d),
('2f5352c42a76af5e3cbe1e780d976b08c0732797', '::1', 1459487343, 0x5f5f63695f6c6173745f726567656e65726174657c693a313435393438373334313b6c6f676765645f696e7c613a333a7b733a323a226964223b733a313a2231223b733a383a22757365726e616d65223b733a353a2261646d696e223b733a383a227573657274797065223b733a313a2231223b7d),
('31bc4f9626c83b734b10e80edb0c6f83a5515921', '127.0.0.1', 1476023896, 0x5f5f63695f6c6173745f726567656e65726174657c693a313437363032333635333b6c6f676765645f696e7c613a333a7b733a323a226964223b733a313a2231223b733a383a22757365726e616d65223b733a353a2261646d696e223b733a383a227573657274797065223b733a313a2231223b7d),
('34e60ebf0b684c3fe2641de3798114f4f89a14ad', '127.0.0.1', 1475996594, 0x5f5f63695f6c6173745f726567656e65726174657c693a313437353939363337303b6c6f676765645f696e7c613a333a7b733a323a226964223b733a313a2231223b733a383a22757365726e616d65223b733a353a2261646d696e223b733a383a227573657274797065223b733a313a2231223b7d),
('35be4830600bd60d90ca390852141db92fe5814a', '::1', 1459323620, 0x5f5f63695f6c6173745f726567656e65726174657c693a313435393332333632303b),
('35cee221c3ca4b8c03b7894776945a57d7aa4275', '127.0.0.1', 1475927777, 0x5f5f63695f6c6173745f726567656e65726174657c693a313437353932373730383b6c6f676765645f696e7c613a333a7b733a323a226964223b733a313a2231223b733a383a22757365726e616d65223b733a353a2261646d696e223b733a383a227573657274797065223b733a313a2231223b7d),
('36156af94bed6b41448a998e55f58f0edb719844', '127.0.0.1', 1476026340, 0x5f5f63695f6c6173745f726567656e65726174657c693a313437363032363036333b6c6f676765645f696e7c613a333a7b733a323a226964223b733a313a2231223b733a383a22757365726e616d65223b733a353a2261646d696e223b733a383a227573657274797065223b733a313a2231223b7d),
('38606132b62c12b4bd45e05ae6ff511482352a51', '127.0.0.1', 1476006712, 0x5f5f63695f6c6173745f726567656e65726174657c693a313437363030363631383b6c6f676765645f696e7c613a333a7b733a323a226964223b733a313a2231223b733a383a22757365726e616d65223b733a353a2261646d696e223b733a383a227573657274797065223b733a313a2231223b7d),
('388dd82cd19fda3b97786a59128a760be7844e8f', '127.0.0.1', 1476028035, 0x5f5f63695f6c6173745f726567656e65726174657c693a313437363032373834363b6c6f676765645f696e7c613a333a7b733a323a226964223b733a313a2232223b733a383a22757365726e616d65223b733a353a227573657231223b733a383a227573657274797065223b733a313a2232223b7d),
('3956a1157f9d877e2066dee23775adb3fda7cd89', '127.0.0.1', 1476006263, 0x5f5f63695f6c6173745f726567656e65726174657c693a313437363030353936333b6c6f676765645f696e7c613a333a7b733a323a226964223b733a313a2231223b733a383a22757365726e616d65223b733a353a2261646d696e223b733a383a227573657274797065223b733a313a2231223b7d6974656d7c733a3138373a223c64697620636c6173733d22616c65727420616c6572742d7375636365737320616c6572742d6469736d69737361626c65223e3c627574746f6e20617269612d68696464656e3d22747275652220646174612d6469736d6973733d22616c6572742220636c6173733d22636c6f73652220747970653d22627574746f6e223ec3973c2f627574746f6e3e546865205461786f6e6f6d79205465726d20776173207375636365737366756c6c7920637265617465642e3c2f6469763e223b5f5f63695f766172737c613a313a7b733a343a226974656d223b733a333a226f6c64223b7d),
('3985927dfdbb430a9388f825041fbb755187e85c', '::1', 1459255287, 0x5f5f63695f6c6173745f726567656e65726174657c693a313435393235353038313b),
('399a0236ea3bcf64203b0cda0fdd9c60fa3d52b3', '127.0.0.1', 1475913175, 0x5f5f63695f6c6173745f726567656e65726174657c693a313437353931333035323b6c6f676765645f696e7c613a333a7b733a323a226964223b733a313a2231223b733a383a22757365726e616d65223b733a353a2261646d696e223b733a383a227573657274797065223b733a313a2231223b7d),
('3b9cf4c832ff50d4a1f91a31dbc038544f9eb3b3', '127.0.0.1', 1476009354, 0x5f5f63695f6c6173745f726567656e65726174657c693a313437363030393136333b6c6f676765645f696e7c613a333a7b733a323a226964223b733a313a2231223b733a383a22757365726e616d65223b733a353a2261646d696e223b733a383a227573657274797065223b733a313a2231223b7d),
('3d30a98644f244236839f0c967673214c0251f69', '127.0.0.1', 1475991765, 0x5f5f63695f6c6173745f726567656e65726174657c693a313437353939313732333b6c6f676765645f696e7c613a333a7b733a323a226964223b733a313a2231223b733a383a22757365726e616d65223b733a353a2261646d696e223b733a383a227573657274797065223b733a313a2231223b7d),
('3f37e3f90ed40c9a4295de7814e6bd9ae115969b', '127.0.0.1', 1476020330, 0x5f5f63695f6c6173745f726567656e65726174657c693a313437363032303332383b6c6f676765645f696e7c613a333a7b733a323a226964223b733a313a2231223b733a383a22757365726e616d65223b733a353a2261646d696e223b733a383a227573657274797065223b733a313a2231223b7d),
('427d3cde8d9c92b3239825e49b256533cfea3427', '127.0.0.1', 1475989656, 0x5f5f63695f6c6173745f726567656e65726174657c693a313437353938393635363b6c6f676765645f696e7c613a333a7b733a323a226964223b733a313a2231223b733a383a22757365726e616d65223b733a353a2261646d696e223b733a383a227573657274797065223b733a313a2231223b7d),
('4423c6012695c953996f72f2d8eefbfc8a9083da', '127.0.0.1', 1476023500, 0x5f5f63695f6c6173745f726567656e65726174657c693a313437363032333232383b6c6f676765645f696e7c613a333a7b733a323a226964223b733a313a2232223b733a383a22757365726e616d65223b733a353a227573657231223b733a383a227573657274797065223b733a313a2232223b7d),
('4705c1ec39f8a198a47da4e27b3969f93827866e', '127.0.0.1', 1475932762, 0x5f5f63695f6c6173745f726567656e65726174657c693a313437353933323733373b6c6f676765645f696e7c613a333a7b733a323a226964223b733a313a2231223b733a383a22757365726e616d65223b733a353a2261646d696e223b733a383a227573657274797065223b733a313a2231223b7d),
('48bc45c35c79197a3f3e2e991e7965b21235a250', '127.0.0.1', 1476018575, 0x5f5f63695f6c6173745f726567656e65726174657c693a313437363031383337373b6c6f676765645f696e7c613a333a7b733a323a226964223b733a313a2231223b733a383a22757365726e616d65223b733a353a2261646d696e223b733a383a227573657274797065223b733a313a2231223b7d),
('500a2dd4552a6514903536aba95b51abba9490d8', '127.0.0.1', 1476031492, 0x5f5f63695f6c6173745f726567656e65726174657c693a313437363033313434383b6c6f676765645f696e7c613a333a7b733a323a226964223b733a313a2232223b733a383a22757365726e616d65223b733a353a227573657231223b733a383a227573657274797065223b733a313a2232223b7d),
('503032c1807d3094196c056ddbbcc776be5e8887', '::1', 1460375051, 0x5f5f63695f6c6173745f726567656e65726174657c693a313436303337353035303b),
('531791827b663af572cd296fb0e7f183e1afcae5', '127.0.0.1', 1476013146, 0x5f5f63695f6c6173745f726567656e65726174657c693a313437363031333034323b6c6f676765645f696e7c613a333a7b733a323a226964223b733a313a2231223b733a383a22757365726e616d65223b733a353a2261646d696e223b733a383a227573657274797065223b733a313a2231223b7d),
('5632b3db0b1c9e3d76b6c788cade773aaaa51d1d', '127.0.0.1', 1475999325, 0x5f5f63695f6c6173745f726567656e65726174657c693a313437353939393036313b6c6f676765645f696e7c613a333a7b733a323a226964223b733a313a2231223b733a383a22757365726e616d65223b733a353a2261646d696e223b733a383a227573657274797065223b733a313a2231223b7d),
('58f1523252eb3299e62368f7228a2b5d33748816', '::1', 1459323974, 0x5f5f63695f6c6173745f726567656e65726174657c693a313435393332333935383b6c6f676765645f696e7c613a333a7b733a323a226964223b733a313a2231223b733a383a22757365726e616d65223b733a353a2261646d696e223b733a383a227573657274797065223b733a313a2231223b7d),
('5b91dd6da97b01571e9bc67cb7f0ea71bb134c77', '127.0.0.1', 1475994758, 0x5f5f63695f6c6173745f726567656e65726174657c693a313437353939343436343b6c6f676765645f696e7c613a333a7b733a323a226964223b733a313a2231223b733a383a22757365726e616d65223b733a353a2261646d696e223b733a383a227573657274797065223b733a313a2231223b7d),
('5bce87aea53a3655c091be694fbd6d1100b73423', '127.0.0.1', 1476012458, 0x5f5f63695f6c6173745f726567656e65726174657c693a313437363031323137313b6c6f676765645f696e7c613a333a7b733a323a226964223b733a313a2231223b733a383a22757365726e616d65223b733a353a2261646d696e223b733a383a227573657274797065223b733a313a2231223b7d),
('5e71ed3cfe11fab2872d13eaf8e454ffc0cda05c', '127.0.0.1', 1476013408, 0x5f5f63695f6c6173745f726567656e65726174657c693a313437363031333337363b6c6f676765645f696e7c613a333a7b733a323a226964223b733a313a2231223b733a383a22757365726e616d65223b733a353a2261646d696e223b733a383a227573657274797065223b733a313a2231223b7d),
('5fe9ba89d8dfa6f93d36b2bcf7243116fb3b5487', '127.0.0.1', 1475920956, 0x5f5f63695f6c6173745f726567656e65726174657c693a313437353932303934383b6c6f676765645f696e7c613a333a7b733a323a226964223b733a313a2231223b733a383a22757365726e616d65223b733a353a2261646d696e223b733a383a227573657274797065223b733a313a2231223b7d),
('6214b14ada068688d619f3a8cfa8af5524cbd591', '127.0.0.1', 1476024666, 0x5f5f63695f6c6173745f726567656e65726174657c693a313437363032343539333b6c6f676765645f696e7c613a333a7b733a323a226964223b733a313a2231223b733a383a22757365726e616d65223b733a353a2261646d696e223b733a383a227573657274797065223b733a313a2231223b7d),
('6319ea78ce301d999e8be73f735b07b3ce1c2b7b', '127.0.0.1', 1476023222, 0x5f5f63695f6c6173745f726567656e65726174657c693a313437363032323932363b6c6f676765645f696e7c613a333a7b733a323a226964223b733a313a2232223b733a383a22757365726e616d65223b733a353a227573657231223b733a383a227573657274797065223b733a313a2232223b7d),
('66c716e07e42bcced804ec287a47f653c1c111d4', '::1', 1459419765, 0x5f5f63695f6c6173745f726567656e65726174657c693a313435393431393736353b),
('6749415d0eaaa8e950f9173dcf5c2cfab89042df', '127.0.0.1', 1475925508, 0x5f5f63695f6c6173745f726567656e65726174657c693a313437353932353433313b6c6f676765645f696e7c613a333a7b733a323a226964223b733a313a2231223b733a383a22757365726e616d65223b733a353a2261646d696e223b733a383a227573657274797065223b733a313a2231223b7d),
('67cf20c16713b94624e922d288f6794eac62a57f', '127.0.0.1', 1475913702, 0x5f5f63695f6c6173745f726567656e65726174657c693a313437353931333636333b6c6f676765645f696e7c613a333a7b733a323a226964223b733a313a2231223b733a383a22757365726e616d65223b733a353a2261646d696e223b733a383a227573657274797065223b733a313a2231223b7d),
('6bc8891dc75227c0f4769829f634e7060ea63970', '127.0.0.1', 1475909589, 0x5f5f63695f6c6173745f726567656e65726174657c693a313437353930393535383b6c6f676765645f696e7c613a333a7b733a323a226964223b733a313a2231223b733a383a22757365726e616d65223b733a353a2261646d696e223b733a383a227573657274797065223b733a313a2231223b7d),
('6d4efa0af8a4724259793f275dc239ee9a9bfe2b', '127.0.0.1', 1475991011, 0x5f5f63695f6c6173745f726567656e65726174657c693a313437353939303733323b6c6f676765645f696e7c613a333a7b733a323a226964223b733a313a2231223b733a383a22757365726e616d65223b733a353a2261646d696e223b733a383a227573657274797065223b733a313a2231223b7d),
('71c9bcd17f949b416e8964497776ebe88e2dfc48', '127.0.0.1', 1476000280, 0x5f5f63695f6c6173745f726567656e65726174657c693a313437363030303238303b6c6f676765645f696e7c613a333a7b733a323a226964223b733a313a2231223b733a383a22757365726e616d65223b733a353a2261646d696e223b733a383a227573657274797065223b733a313a2231223b7d),
('76277dd8c3c4d7ca631859db63058b4121172e81', '::1', 1459330514, 0x5f5f63695f6c6173745f726567656e65726174657c693a313435393333303531343b6c6f676765645f696e7c613a333a7b733a323a226964223b733a313a2231223b733a383a22757365726e616d65223b733a353a2261646d696e223b733a383a227573657274797065223b733a313a2231223b7d),
('7751310811087e6f14fbe5f790883ca4f0693b7b', '::1', 1459404199, 0x5f5f63695f6c6173745f726567656e65726174657c693a313435393430343138303b6c6f676765645f696e7c613a333a7b733a323a226964223b733a313a2231223b733a383a22757365726e616d65223b733a353a2261646d696e223b733a383a227573657274797065223b733a313a2231223b7d),
('7b48c86f4caa08be3724cf0174dfeb932664bc8b', '127.0.0.1', 1475922309, 0x5f5f63695f6c6173745f726567656e65726174657c693a313437353932323238373b6c6f676765645f696e7c613a333a7b733a323a226964223b733a313a2231223b733a383a22757365726e616d65223b733a353a2261646d696e223b733a383a227573657274797065223b733a313a2231223b7d),
('7c305c78f8670fb938dbc7826fb266044ea56845', '127.0.0.1', 1475924295, 0x5f5f63695f6c6173745f726567656e65726174657c693a313437353932343233323b6c6f676765645f696e7c613a333a7b733a323a226964223b733a313a2231223b733a383a22757365726e616d65223b733a353a2261646d696e223b733a383a227573657274797065223b733a313a2231223b7d),
('7ce513e26febd33a0d112a8e767c7e1ce1035bc6', '127.0.0.1', 1476010206, 0x5f5f63695f6c6173745f726567656e65726174657c693a313437363030393936393b6c6f676765645f696e7c613a333a7b733a323a226964223b733a313a2231223b733a383a22757365726e616d65223b733a353a2261646d696e223b733a383a227573657274797065223b733a313a2231223b7d),
('7d33f46ed618d80ab0041b3d99d9206c5c7ab623', '127.0.0.1', 1476008089, 0x5f5f63695f6c6173745f726567656e65726174657c693a313437363030383038393b6c6f676765645f696e7c613a333a7b733a323a226964223b733a313a2231223b733a383a22757365726e616d65223b733a353a2261646d696e223b733a383a227573657274797065223b733a313a2231223b7d),
('810d2563b953e6d8594684e6abc90c9cc2b30923', '127.0.0.1', 1475994155, 0x5f5f63695f6c6173745f726567656e65726174657c693a313437353939343131373b6c6f676765645f696e7c613a333a7b733a323a226964223b733a313a2231223b733a383a22757365726e616d65223b733a353a2261646d696e223b733a383a227573657274797065223b733a313a2231223b7d),
('83c72dcfb79929951f63cd82f27a0f2294c03815', '127.0.0.1', 1475908631, 0x5f5f63695f6c6173745f726567656e65726174657c693a313437353930383431343b6c6f676765645f696e7c613a333a7b733a323a226964223b733a313a2231223b733a383a22757365726e616d65223b733a353a2261646d696e223b733a383a227573657274797065223b733a313a2231223b7d),
('8776300ca71990b8c1dd26dee6098eb32f33e627', '127.0.0.1', 1475912115, 0x5f5f63695f6c6173745f726567656e65726174657c693a313437353931323035363b6c6f676765645f696e7c613a333a7b733a323a226964223b733a313a2231223b733a383a22757365726e616d65223b733a353a2261646d696e223b733a383a227573657274797065223b733a313a2231223b7d),
('8c44ca80f77cc491bf4eb81e15fc321681ed0607', '127.0.0.1', 1476020151, 0x5f5f63695f6c6173745f726567656e65726174657c693a313437363031393931383b6c6f676765645f696e7c613a333a7b733a323a226964223b733a313a2231223b733a383a22757365726e616d65223b733a353a2261646d696e223b733a383a227573657274797065223b733a313a2231223b7d),
('96e34e38fb9f730743b573f5adb90568e3504411', '127.0.0.1', 1476008418, 0x5f5f63695f6c6173745f726567656e65726174657c693a313437363030383431333b6c6f676765645f696e7c613a333a7b733a323a226964223b733a313a2231223b733a383a22757365726e616d65223b733a353a2261646d696e223b733a383a227573657274797065223b733a313a2231223b7d),
('99e0edba92959863dd08c415f751acb5ea507beb', '127.0.0.1', 1476004777, 0x5f5f63695f6c6173745f726567656e65726174657c693a313437363030343737373b6c6f676765645f696e7c613a333a7b733a323a226964223b733a313a2231223b733a383a22757365726e616d65223b733a353a2261646d696e223b733a383a227573657274797065223b733a313a2231223b7d),
('9b736d1e2d5cf8c3dbd29b185b681ec52d0d6497', '127.0.0.1', 1475908413, 0x5f5f63695f6c6173745f726567656e65726174657c693a313437353930383131333b6c6f676765645f696e7c613a333a7b733a323a226964223b733a313a2231223b733a383a22757365726e616d65223b733a353a2261646d696e223b733a383a227573657274797065223b733a313a2231223b7d),
('9c84fdeb2c5b3475cd4bd078edb90e7dfbb94e6e', '127.0.0.1', 1475919778, 0x5f5f63695f6c6173745f726567656e65726174657c693a313437353931393437383b6c6f676765645f696e7c613a333a7b733a323a226964223b733a313a2231223b733a383a22757365726e616d65223b733a353a2261646d696e223b733a383a227573657274797065223b733a313a2231223b7d),
('9dce8a27b731bde9541e085a40b71abc13648017', '127.0.0.1', 1475989967, 0x5f5f63695f6c6173745f726567656e65726174657c693a313437353938393936373b6c6f676765645f696e7c613a333a7b733a323a226964223b733a313a2231223b733a383a22757365726e616d65223b733a353a2261646d696e223b733a383a227573657274797065223b733a313a2231223b7d),
('9dd08599d096ad40e75ea44ad5d6993ff0a2044e', '::1', 1459417818, 0x5f5f63695f6c6173745f726567656e65726174657c693a313435393431373831383b),
('9ead846abad9930240f8314135e815c234efea48', '127.0.0.1', 1475921597, 0x5f5f63695f6c6173745f726567656e65726174657c693a313437353932313333373b6c6f676765645f696e7c613a333a7b733a323a226964223b733a313a2231223b733a383a22757365726e616d65223b733a353a2261646d696e223b733a383a227573657274797065223b733a313a2231223b7d),
('9f90163ce6067ba6d02cc3751b528c0b962c3d18', '127.0.0.1', 1476030635, 0x5f5f63695f6c6173745f726567656e65726174657c693a313437363033303436323b6c6f676765645f696e7c613a333a7b733a323a226964223b733a313a2232223b733a383a22757365726e616d65223b733a353a227573657231223b733a383a227573657274797065223b733a313a2232223b7d),
('a872759b17176811d22486837e0ba61137c4e32f', '127.0.0.1', 1476034321, 0x5f5f63695f6c6173745f726567656e65726174657c693a313437363033343332313b),
('ab721325050b629ca7af9fd80a37d6e3aceb5ea3', '127.0.0.1', 1476006306, 0x5f5f63695f6c6173745f726567656e65726174657c693a313437363030363236343b6c6f676765645f696e7c613a333a7b733a323a226964223b733a313a2231223b733a383a22757365726e616d65223b733a353a2261646d696e223b733a383a227573657274797065223b733a313a2231223b7d6974656d7c733a3138373a223c64697620636c6173733d22616c65727420616c6572742d7375636365737320616c6572742d6469736d69737361626c65223e3c627574746f6e20617269612d68696464656e3d22747275652220646174612d6469736d6973733d22616c6572742220636c6173733d22636c6f73652220747970653d22627574746f6e223ec3973c2f627574746f6e3e546865205461786f6e6f6d79205465726d20776173207375636365737366756c6c7920637265617465642e3c2f6469763e223b5f5f63695f766172737c613a313a7b733a343a226974656d223b733a333a226f6c64223b7d),
('ab82bb1fb5f3953af805c54758be4cc4e738f31a', '127.0.0.1', 1475912053, 0x5f5f63695f6c6173745f726567656e65726174657c693a313437353931313735353b6c6f676765645f696e7c613a333a7b733a323a226964223b733a313a2231223b733a383a22757365726e616d65223b733a353a2261646d696e223b733a383a227573657274797065223b733a313a2231223b7d),
('af8963a1cce4fcd79d9ad8e8bc6b376231a6103c', '127.0.0.1', 1475927385, 0x5f5f63695f6c6173745f726567656e65726174657c693a313437353932373338333b6c6f676765645f696e7c613a333a7b733a323a226964223b733a313a2231223b733a383a22757365726e616d65223b733a353a2261646d696e223b733a383a227573657274797065223b733a313a2231223b7d),
('b05045cbe37c8eac6c517152721a383bfeccbd56', '127.0.0.1', 1476026061, 0x5f5f63695f6c6173745f726567656e65726174657c693a313437363032353736323b6c6f676765645f696e7c613a333a7b733a323a226964223b733a313a2231223b733a383a22757365726e616d65223b733a353a2261646d696e223b733a383a227573657274797065223b733a313a2231223b7d),
('b557585f147d6cae1a5eee0f1291cab36f00602b', '127.0.0.1', 1476022787, 0x5f5f63695f6c6173745f726567656e65726174657c693a313437363032323537373b6c6f676765645f696e7c613a333a7b733a323a226964223b733a313a2231223b733a383a22757365726e616d65223b733a353a2261646d696e223b733a383a227573657274797065223b733a313a2231223b7d),
('b5c7eb3132a3a37e9762121d5052a0414bed4ebe', '127.0.0.1', 1475920075, 0x5f5f63695f6c6173745f726567656e65726174657c693a313437353931393737393b6c6f676765645f696e7c613a333a7b733a323a226964223b733a313a2231223b733a383a22757365726e616d65223b733a353a2261646d696e223b733a383a227573657274797065223b733a313a2231223b7d),
('b6b70bade7848a543a031c542df793bcdc5dec10', '::1', 1459337473, 0x5f5f63695f6c6173745f726567656e65726174657c693a313435393333373436353b),
('bb43dd1ab07430f38237f40472f64a038333018d', '127.0.0.1', 1476033010, 0x5f5f63695f6c6173745f726567656e65726174657c693a313437363033323938373b6c6f676765645f696e7c613a333a7b733a323a226964223b733a313a2232223b733a383a22757365726e616d65223b733a353a227573657231223b733a383a227573657274797065223b733a313a2232223b7d),
('bfa7b3f2bf6182c773ea593cdcf14e3d8cf456c0', '127.0.0.1', 1475907660, 0x5f5f63695f6c6173745f726567656e65726174657c693a313437353930373439373b6c6f676765645f696e7c613a333a7b733a323a226964223b733a313a2231223b733a383a22757365726e616d65223b733a353a2261646d696e223b733a383a227573657274797065223b733a313a2231223b7d),
('c3210b3a8d9f8f4f27c496bfef06cf2f0ddc43c8', '::1', 1459396573, 0x5f5f63695f6c6173745f726567656e65726174657c693a313435393339363536383b),
('c3e16ae428c603b4363505726ca88f661dd59e79', '127.0.0.1', 1475997752, 0x5f5f63695f6c6173745f726567656e65726174657c693a313437353939373733393b6c6f676765645f696e7c613a333a7b733a323a226964223b733a313a2231223b733a383a22757365726e616d65223b733a353a2261646d696e223b733a383a227573657274797065223b733a313a2231223b7d),
('c3ed18a508a6a7217d2a447c5b556e5a09a0a250', '127.0.0.1', 1475911739, 0x5f5f63695f6c6173745f726567656e65726174657c693a313437353931313434333b6c6f676765645f696e7c613a333a7b733a323a226964223b733a313a2231223b733a383a22757365726e616d65223b733a353a2261646d696e223b733a383a227573657274797065223b733a313a2231223b7d),
('c7d68dac144b4462df646c30d1e109d9498c993f', '127.0.0.1', 1475909049, 0x5f5f63695f6c6173745f726567656e65726174657c693a313437353930383734393b6c6f676765645f696e7c613a333a7b733a323a226964223b733a313a2231223b733a383a22757365726e616d65223b733a353a2261646d696e223b733a383a227573657274797065223b733a313a2231223b7d),
('ca824cc658de8410bb8f29dee77504befd0385f5', '127.0.0.1', 1476030461, 0x5f5f63695f6c6173745f726567656e65726174657c693a313437363033303136313b6c6f676765645f696e7c613a333a7b733a323a226964223b733a313a2232223b733a383a22757365726e616d65223b733a353a227573657231223b733a383a227573657274797065223b733a313a2232223b7d),
('cd364a2d1ed3a64841b88d59836460703df6a6e3', '127.0.0.1', 1475922036, 0x5f5f63695f6c6173745f726567656e65726174657c693a313437353932313835323b6c6f676765645f696e7c613a333a7b733a323a226964223b733a313a2231223b733a383a22757365726e616d65223b733a353a2261646d696e223b733a383a227573657274797065223b733a313a2231223b7d),
('d362159422b21e30922648ea08098cc16509f90d', '::1', 1459331193, 0x5f5f63695f6c6173745f726567656e65726174657c693a313435393333313036353b6c6f676765645f696e7c613a333a7b733a323a226964223b733a313a2231223b733a383a22757365726e616d65223b733a353a2261646d696e223b733a383a227573657274797065223b733a313a2231223b7d),
('d3e4d558e08522cbbb38d2111b6d98638f3e9d93', '127.0.0.1', 1476018340, 0x5f5f63695f6c6173745f726567656e65726174657c693a313437363031383034303b6c6f676765645f696e7c613a333a7b733a323a226964223b733a313a2231223b733a383a22757365726e616d65223b733a353a2261646d696e223b733a383a227573657274797065223b733a313a2231223b7d),
('d5fe3a9b674839ff90557bd2f2696335d8319dd4', '127.0.0.1', 1475999942, 0x5f5f63695f6c6173745f726567656e65726174657c693a313437353939393735303b6c6f676765645f696e7c613a333a7b733a323a226964223b733a313a2231223b733a383a22757365726e616d65223b733a353a2261646d696e223b733a383a227573657274797065223b733a313a2231223b7d),
('d7a21d72e470f287d96984e4c9f0b5477505d1b4', '::1', 1459397363, 0x5f5f63695f6c6173745f726567656e65726174657c693a313435393339373334333b),
('de1edb9c3e356caf68035c0b8ac679286b26243a', '127.0.0.1', 1475924092, 0x5f5f63695f6c6173745f726567656e65726174657c693a313437353932333832393b6c6f676765645f696e7c613a333a7b733a323a226964223b733a313a2231223b733a383a22757365726e616d65223b733a353a2261646d696e223b733a383a227573657274797065223b733a313a2231223b7d),
('df9b7eaa6ec3997a772f0019fcae2e2bea28ee6a', '127.0.0.1', 1476027270, 0x5f5f63695f6c6173745f726567656e65726174657c693a313437363032363937313b6c6f676765645f696e7c613a333a7b733a323a226964223b733a313a2231223b733a383a22757365726e616d65223b733a353a2261646d696e223b733a383a227573657274797065223b733a313a2231223b7d),
('dfcf893461a437056092dbc599026f7c2ea09c57', '127.0.0.1', 1475988942, 0x5f5f63695f6c6173745f726567656e65726174657c693a313437353938383932333b6c6f676765645f696e7c613a333a7b733a323a226964223b733a313a2231223b733a383a22757365726e616d65223b733a353a2261646d696e223b733a383a227573657274797065223b733a313a2231223b7d),
('e2ba03170880315519f28294107fcad387a4109a', '127.0.0.1', 1476000917, 0x5f5f63695f6c6173745f726567656e65726174657c693a313437363030303631383b6c6f676765645f696e7c613a333a7b733a323a226964223b733a313a2231223b733a383a22757365726e616d65223b733a353a2261646d696e223b733a383a227573657274797065223b733a313a2231223b7d),
('e37f37d6dc397dfa5020936965b2c4cf9665cc01', '127.0.0.1', 1476005787, 0x5f5f63695f6c6173745f726567656e65726174657c693a313437363030353533353b6c6f676765645f696e7c613a333a7b733a323a226964223b733a313a2231223b733a383a22757365726e616d65223b733a353a2261646d696e223b733a383a227573657274797065223b733a313a2231223b7d),
('e4d842c529e507b4ee218f4e0e89b5f5250d8f89', '127.0.0.1', 1475995294, 0x5f5f63695f6c6173745f726567656e65726174657c693a313437353939353138313b6c6f676765645f696e7c613a333a7b733a323a226964223b733a313a2231223b733a383a22757365726e616d65223b733a353a2261646d696e223b733a383a227573657274797065223b733a313a2231223b7d),
('e97b36a02567b3e2432ccc4be9a414e8663bf226', '127.0.0.1', 1476021711, 0x5f5f63695f6c6173745f726567656e65726174657c693a313437363032313536353b6c6f676765645f696e7c613a333a7b733a323a226964223b733a313a2231223b733a383a22757365726e616d65223b733a353a2261646d696e223b733a383a227573657274797065223b733a313a2231223b7d),
('ec3477713f7c5b2c541b6e75d6292443c63c0fa5', '::1', 1460348160, 0x5f5f63695f6c6173745f726567656e65726174657c693a313436303334383135393b),
('ec36a651105d77b7a9305de6ff599fce6c1c00d8', '127.0.0.1', 1476021044, 0x5f5f63695f6c6173745f726567656e65726174657c693a313437363032303830363b6c6f676765645f696e7c613a333a7b733a323a226964223b733a313a2232223b733a383a22757365726e616d65223b733a353a227573657231223b733a383a227573657274797065223b733a313a2232223b7d),
('ed57418ea2254d72ae2b2e596e8029fb62ca336f', '127.0.0.1', 1475909251, 0x5f5f63695f6c6173745f726567656e65726174657c693a313437353930393035333b6c6f676765645f696e7c613a333a7b733a323a226964223b733a313a2231223b733a383a22757365726e616d65223b733a353a2261646d696e223b733a383a227573657274797065223b733a313a2231223b7d),
('f1ce8410426f6dfc318bee6c850c0264aeadf1e9', '127.0.0.1', 1476027685, 0x5f5f63695f6c6173745f726567656e65726174657c693a313437363032373531303b6c6f676765645f696e7c613a333a7b733a323a226964223b733a313a2232223b733a383a22757365726e616d65223b733a353a227573657231223b733a383a227573657274797065223b733a313a2232223b7d),
('f3bd1e95c703bc95ab9abbd79ee40cde6dc9f017', '127.0.0.1', 1476032650, 0x5f5f63695f6c6173745f726567656e65726174657c693a313437363033323634343b6c6f676765645f696e7c613a333a7b733a323a226964223b733a313a2232223b733a383a22757365726e616d65223b733a353a227573657231223b733a383a227573657274797065223b733a313a2232223b7d),
('f3c3cdee5a84af6881a8d4c31bf6c7d1a3c96eff', '127.0.0.1', 1475920442, 0x5f5f63695f6c6173745f726567656e65726174657c693a313437353932303434303b6c6f676765645f696e7c613a333a7b733a323a226964223b733a313a2231223b733a383a22757365726e616d65223b733a353a2261646d696e223b733a383a227573657274797065223b733a313a2231223b7d),
('fb73297557bc256486f178da0bdb14d80184ae6b', '::1', 1459255131, 0x5f5f63695f6c6173745f726567656e65726174657c693a313435393235353133313b),
('fe0432fa20549c0d81333c457eb14748844bd25b', '127.0.0.1', 1476009954, 0x5f5f63695f6c6173745f726567656e65726174657c693a313437363030393636353b6c6f676765645f696e7c613a333a7b733a323a226964223b733a313a2231223b733a383a22757365726e616d65223b733a353a2261646d696e223b733a383a227573657274797065223b733a313a2231223b7d);

-- --------------------------------------------------------

--
-- Table structure for table `racks`
--

CREATE TABLE IF NOT EXISTS `racks` (
  `id` int(11) NOT NULL AUTO_INCREMENT,
  `rack_name` varchar(240) NOT NULL,
  PRIMARY KEY (`id`)
) ENGINE=InnoDB  DEFAULT CHARSET=latin1 AUTO_INCREMENT=14 ;

--
-- Dumping data for table `racks`
--

INSERT INTO `racks` (`id`, `rack_name`) VALUES
(1, 'Rack 1'),
(4, 'Rack 2'),
(5, 'Rack 3'),
(6, 'Rack 4'),
(7, 'Rack 5'),
(8, 'Rack 6'),
(9, 'Rack 7'),
(10, 'Rack 8'),
(11, 'Rack 9'),
(12, 'Rack 10'),
(13, 'Rack 11');

-- --------------------------------------------------------

--
-- Table structure for table `users`
--

CREATE TABLE IF NOT EXISTS `users` (
  `id` int(11) NOT NULL AUTO_INCREMENT,
  `username` varchar(30) COLLATE utf8_unicode_ci NOT NULL,
  `pword` varchar(240) COLLATE utf8_unicode_ci NOT NULL,
  `usertype` int(11) NOT NULL,
  PRIMARY KEY (`id`)
) ENGINE=InnoDB  DEFAULT CHARSET=utf8 COLLATE=utf8_unicode_ci AUTO_INCREMENT=3 ;

--
-- Dumping data for table `users`
--

INSERT INTO `users` (`id`, `username`, `pword`, `usertype`) VALUES
(1, 'admin', 'adminpuReL0@1cS', 1),
(2, 'user1', 'user1puReL0@1cS', 2);

/*!40101 SET CHARACTER_SET_CLIENT=@OLD_CHARACTER_SET_CLIENT */;
/*!40101 SET CHARACTER_SET_RESULTS=@OLD_CHARACTER_SET_RESULTS */;
/*!40101 SET COLLATION_CONNECTION=@OLD_COLLATION_CONNECTION */;
